title,year,start_year,end_year,genre,imdb_search_url
Workin' Moms (CA),,2017,,Comedy,
Anne with an E (CA),,2017,,"Drama, Family",
Wynonna Earp (CA)_msub,,2016,,"Action & Adventure, Sci-Fi & Fantasy, Western",
Vikings (CA)_msub,,2013,,"Action & Adventure, Drama",
Travelers (CA)_msub,,2016,,"Drama, Sci-Fi & Fantasy",
Le retour d’Anna Brodeur (2024)_qb,,2024,,Comédie / Drame,
MasterChef Québec (2024) CA,,2024,,Reality,
Vendre ou rénover au Québec (2017)_qb,,2017,,Reality,
Taskmaster Canada (2022)_qb,,2022,,Comedy / Reality,
Mea Culpa (2025)_qb,,2025,,Drame,
Hot Ones Québec (2024)-fr,,2024,,Talk / Reality,
District 31_qb,,2016,,Crime / Drame,
Edgar (CA),,2020,,"Crime, Comedy, Mystery",
Ascension (CA),,2014,,"Drama, Sci-Fi & Fantasy",
Pure (CA),,2017,,"Crime, Drama",
The L Word (CA),,2004,,Drama,
Campus (CA)_fr,,2021,,Drama,
Chaos (CA),,2021,,Drama,
L'Échappée (CA),,2016,,Drama,
Moi non plus! (CA),,2021,,"Comedy, Drama",
Day of the Dead (CA)_fr,,2021,,"Action & Adventure, Sci-Fi & Fantasy",
The Porter (CA)_fr,,2022,,Drama,
Hudson & Rex (CA)_fr,,2019,,Drama / Crime,
Libre échange (CA),,2022,,Drame / Comédie,
L'amour est dans le pré (CA),,2012,,"Romance, Reality",
Blown Away (CA),,2019,,Reality,
Peur de rien! (CA),,2021,,Reality,
Pêche ou crève (CA),,2019,,Reality,
L'île de l'amour (CA),,2021,,Reality,
La tour (CA),,2020,,Talk,
Backroad Truckers (CA),,2021,,Reality,
LOL : QUI RIЯA LE DERNIER ? - Québec (2023),,2023,,Reality / Comédie,
Zig and Sharko_qb,,2010,,Family / Comedy / Animation,
Thomas et ses amis : Tous en avant !_qb,,2021,,Animation / Kids,
Pérusse Cité_qb,,2012,,Animation / Comédie,
Les Simpson_qb,,1989,,Familial / Animation / Comédie,
Les Ratons laveurs_qb,,1985,,Animation / Kids,
Les Pierrafeu_qb,,1960,,Familial / Animation / Comédie / Kids,
La série du peuple _qb,,,,,
Family Guy_qb,,1999,,Animation / Comedy,
American Dad!_qb,,2005,,Animation / Comedy,
YUL : la vie à l’aéroport (CA)_qb,,2020,,Documentary,
Week-end de bois (CA)_qb,,2017,,,
Vie de chantier (CA)_qb,,2018,,Documentary,
Van Aventure (CA)_qb,,2020,,Documentary,
Unite 9 (CA)_qb,,2012,,Drama,
"A Guy, a Girl (FR)_qb",,1999,,"Comedy, Family, Reality, Drama",
Trois fois plus (CA)_qb,,2021,,Documentary,
Toute la vie (CA)_qb,,2019,,Drama,
Taxi 0-22 (CA)_qb,,2007,,Comedy,
Synvain Rénove (CA)_qb,,2020,,Comedy,
Survivre à ses enfants (CA)_qb,,2021,,Comedy,
Survivalistes (CA)_qb,,2020,,"Documentary, Reality",
Sur-Vie (CA)_qb,,2017,,Drama,
Sur ta rue (CA)_qb,,2021,,Documentary,
Sur les traces d'un tueur en série (CA)_qb,,2020,,"Documentary, Crime",
A Sudden Text (CA)_qb,,2014,,"Family, Comedy",
Way Over Me (CA)_qb,,2021,,Drama,
Skate the World (CA)_qb,,2020,,Documentary,
Six degrés (CA)_qb,,2021,,Drama,
Série Noire (CA)_qb,,2014,,"Drama, Comedy",
Séquelles (CA)_qb,,2016,,"Drama, Crime",
Sauvetage animal (CA)_qb,,2021,,"Documentary, Reality",
SAS - Section agressions sexuelles (CA)_qb,,2021,,Documentary,
Roast Battle : le grand duel (CA)_qb,,2019,,"Comedy, Reality",
RBO - The Archives (CA)_qb,,2020,,Comedy,
Radio Enfer (CA)_qb,,1995,,"Comedy, Family",
Police en service (CA)_qb,,2021,,Documentary,
Plan B (CA)_qb,,2017,,"Sci-Fi & Fantasy, Drama",
Patrick Senécal présente (CA)_qb,,2021,,"Drama, Crime",
OD BBQ (CA)_qb,,2021,,Reality,
Nombreux et heureux en vacances (CA)_qb,,2020,,,
Nombreux et heureux en confinement (CA)_qb,,2020,,,
Nombreux et heureux (CA)_qb,,2018,,Documentary,
"Minuit, le soir (CA)_qb",,2005,,Drama,
Meurtriers sur mesure (CA)_qb,,2019,,"Documentary, Crime",
Mères à boutte (CA)_qb,,2018,,Documentary,
Mother and Daughter (FR)_qb,,2012,,,
Can You Hear Me? (CA)_qb,,2019,,"Comedy, Drama",
Max et Livia (CA)_qb,,2017,,Comedy,
Les pêcheurs (CA)_qb,,2013,,Comedy,
Les naufragés de l'amour (CA)_qb,,2019,,Reality,
Les effaceurs (CA)_qb,,2019,,Documentary,
Les derniers humains (CA)_qb,,2020,,Documentary,
Les Boys (CA)_qb,,2007,,Comedy,
Les Beaux Malaises (CA)_qb,,2014,,Comedy,
Léo (CA)_qb,,2018,,Comedy,
Le jeu (CA)_qb,,2018,,Drama,
Le grand move (CA)_qb,,2021,,Documentary,
Le dernier felquiste (CA)_qb,,2020,,"Documentary, War & Politics",
The Last Chapter (CA)_qb,,2002,,"Action & Adventure, Drama",
La vie compliquée de Léa Olivier (CA)_qb,,2020,,Family,
The Evidence (CA)_qb,,2021,,"Documentary, Crime",
La Petite Vie (CA)_qb,,1993,,Comedy,
La famille Groulx (CA)_qb,,2017,,Reality,
La faille (CA)_qb,,2019,,Drame,
La cour est pleine! (CA)_qb,,2021,,Documentary,
Wipe me away (CA)_qb,,2021,,Drama,
Huissiers (CA)_qb,,2017,,Documentary,
Haute tension (CA)_qb,,2020,,Documentary,
GTI : groupe tactique d'intervention (CA)_qb,,2019,,Documentary,
Fragile (CA)_qb,,2019,,Drama,
Fous du BBQ (CA)_qb,,2018,,Reality,
Fortier (CA)_qb,,2000,,Drama,
Expédition extrême_qb,,2016,,"Documentary, Reality",
Escouade 99 (CA)_qb,,2020,,Comédie,
Entre deux draps (CA)_qb,,2021,,Comedy,
Les beaux malaises 2.0 (CA)_qb,,2021,,Comedy,
Enquête (CA)_qb,,2007,,Documentary,
Edgar (CA)_qb,,2020,,"Crime, Comedy, Mystery",
Discussions avec mes parents (CA)_qb,,2018,,Comedy,
Délateurs (CA)_qb,,2017,,"Documentary, Crime",
Dans l'oeil du dragon (CA)_qb,,2012,,Reality,
Coups de cochon (CA)_qb,,2020,,"Comedy, Reality",
Corde raide (CA)_qb,,2020,,Comedy,
Contre-offre (CA)_qb,,2021,,Comedy,
Comment tu t'appelles? (CA)_qb,,2021,,Reality,
Chez Marie-Mai (CA)_qb,,2020,,,
Cheval-Serpent (CA)_qb,,2017,,Drama,
"Bob Gratton : Ma Vie, My Life (CA)_qb",,2007,,Comedy,
Blue Moon (CA)_qb,,2016,,Drama,
Big Brother Célébrités (CA)_qb,,2021,,Reality,
Bienvenue chez les cheaps (CA)_qb,,2020,,"Documentary, Reality",
Bête noire (CA)_qb,,2021,,Drama,
Backroad Truckers (CA)_qb,,2021,,Reality,
"Autiste, bientôt majeur (CA)_qb",,2019,,Documentary,
Au pays des têtes à claques (CA)_qb,,2012,,"Animation, Comedy",
Appelle-moi si tu meurs (CA)_qb,,2019,,"Drama, Comedy",
Alertes (CA)_qb,,2021,,"Drama, Crime",
Aide demandée (CA)_qb,,2021,,"Documentary, Reality",
50 façons de tuer sa mère (CA)_qb,,2021,,Documentary,
19-2 (CA)_qb,,2014,,"Crime, Drama",
Yamaska_qb,,2009,,Soap / Drama,
Week-End De Bois _qb,,2017,,,
Watatatow_qb,,1991,,Drama / Comedy,
Virage Double Faute _qb,,2021,,Drame,
Victor Lessard_qb,,2017,,Drama / Crime,
Unite 9_qb,,2012,,Drama,
Une autre histoire_qb,,2019,,Drame,
Une affaire criminelle_qb,,2022,,Drame,
Un zoo pas comme les autres_qb,,2019,,Documentaire / Reality,
Un sur 2_qb,,2012,,Comédie / Drame,
Un nouveau jour_qb,,2022,,Documentaire,
Un lien familial_qb,,2021,,Drame / Comédie,
"Un gars, une fille_qb",,1999,,Comédie / Drame / Familial,
Trauma_qb,,2010,,,
Trafic d'innocence_qb,,2005,,Drame / Crime / Mystère,
Toute la vie_qb,,2019,,Drame,
Top Dogs : homicides_qb,,2020,,Comédie,
Taxi 0-22_qb,,2007,,Comedy,
Tag_qb,,2000,,,
Symphorien_qb,,1970,,Comedy,
Survivre à ses enfants_qb,,2021,,Comédie,
Sur la trace_qb,,2023,,Comédie,
A Sudden Text_qb,,2014,,Family / Comedy,
STAT_qb,,2022,,Drama,
Sortez-moi de moi_qb,,2021,,Drame,
Six degrés_qb,,2021,,Drame,
Si on s'aimait_qb,,2020,,Documentaire / Reality,
Si la tendance se maintient_qb,,2001,,Comédie,
Série noire_qb,,2014,,Drame / Comédie,
Séquelles_qb,,2016,,Drame / Crime,
Scoop_qb,,1992,,Drama,
Sans rendez-vous_qb,,2021,,Comédie,
Salebarbes aux Îles_qb,,2021,,Reality,
Ruptures_qb,,2016,,Drame,
Rumeurs_qb,,2002,,Comédie,
Rue King_qb,,2020,,Comedy,
Rire sans tabous_qb,,2019,,Comedy,
RBO - The Archives_qb,,2020,,Comedy,
Ramdam_qb,,2001,,Family / Comedy / Drama,
Radio Enfer_qb,,1995,,Comedy / Family,
Prière de ne pas envoyer de fleurs_qb,,2012,,Comédie / Reality,
Premier trio_qb,,2023,,Familial,
"Pour toujours, plus un jour_qb",,2020,,Drame / Comédie,
Pour toi Flora_qb,,2022,,Drame,
King of the Hill_qb,,1997,,Comedy / Animation,
Pour Sarah_qb,,2019,,Drama,
Portrait-robot_qb,,2021,,Drame / Crime,
Plan B_qb,,2017,,Sci-Fi & Fantasy / Drama,
Piégés_qb,,2021,,Drama,
Patrick Senécal présente_qb,,2021,,Drame / Crime,
Passe-Partout_qb,,2019,,Kids,
Passe-Partout (1977) _qb,,1977,,Kids,
"Omertà, la loi du silence_qb",,1996,,Drame,
Olivier_qb,,2017,,Drama,
Numéros 1_qb,,2021,,Documentary,
Nuit blanche_qb,,2021,,Drame,
Nouvelle adresse_qb,,2014,,Drama,
Nous_qb,,2021,,Drama,
Nos étés_qb,,2005,,Drame,
Nomades_qb,,2019,,Comedy / Drama,
Mon fils_qb,,2020,,Drame,
Mon ex à moi_qb,,2015,,Drame / Comédie,
Moi non plus!_qb,,2021,,Comédie / Drame,
Mirador_qb,,2010,,Drama,
"Minuit, le soir_qb",,2005,,Drame,
Meurtriers sur mesure_qb,,2019,,Documentaire / Crime,
Mets-y le Paquet_qb,,2018,,Reality / Comédie,
M'entends-tu?_qb,,2019,,Comédie / Drame,
Mensonges_qb,,2014,,Crime / Drame,
Mémoires vives_qb,,2013,,Drame,
Mégantic_qb,,2023,,Drame,
MED_qb,,2015,,Comédie,
Martine à la plage_qb,,2022,,Drame,
Marguerite Volant_qb,,1996,,Drame,
Manuel de la vie sauvage_qb,,2022,,Drame,
Malenfant_qb,,2011,,Drama,
Madame Lebrun_qb,,2015,,Comedy,
Ma mère_qb,,2022,,Drame,
Lou et Sophie_qb,,2021,,Comédie / Drame,
L'oeil du cyclone_qb,,2021,,Comédie,
Like-moi!_qb,,2015,,Comédie,
Libre échange_qb,,2022,,Drama / Comedy,
L'homme qui aimait trop_qb,,2022,,Drame,
L'heure bleue_qb,,2017,,Drame,
Les yeux fermés_qb,,2023,,Drame,
Les tatoueuses_qb,,2021,,Documentaire,
Les soeurs Dufour-Lapointe : d'un rêve à l'autre_qb,,2021,,Documentaire,
Les Simone_qb,,2016,,Comédie / Drame,
Les petits rois_qb,,2021,,Drame,
Les perles_qb,,2023,,Drame,
Les pêcheurs_qb,,2013,,Comédie,
Les Pays d'en haut_qb,,2016,,Drame,
Les Parent_qb,,2008,,Comédie,
Les Mutants_qb,,2020,,Familial,
Les moments parfaits_qb,,2021,,Comédie / Drame,
Les mecs_qb,,2020,,Comedy / Drama,
Les magnifiques_qb,,2018,,Comédie,
Les Invisibles_qb,,2019,,Comédie,
Les Invincibles_qb,,2005,,Comédie / Drame,
Les Intrépides_qb,,1992,,Action & Adventure / Familial,
Les Honorables_qb,,2019,,Drame / Crime,
Les Hauts et les bas de Sophie Paquin_qb,,2006,,Comédie / Drame,
Les Filles de Caleb_qb,,1990,,Drame,
Les étoiles filantes_qb,,2007,,Comédie / Drame,
Les Éphémères_qb,,2018,,Comédie,
Les chevaliers de la lumière_qb,,2023,,Comédie,
Les chefs!_qb,,2010,,Reality / Familial,
Les cavaliers_qb,,2022,,Comédie / Drame,
Les Brillant_qb,,1979,,Comédie,
Les Bracelets rouges_qb,,2018,,Drame,
Les Boys_qb,,2007,,Comédie,
Les Bougon_qb,,2008,,Comédie,
Les bombes_qb,,2023,,Comédie,
Les Bienvenu… ou presque!_qb,,2022,,Familial / Comédie / Drame,
Les Belles Histoires des pays d'en haut_qb,,1956,,Drame,
Les beaux malaises 2.0_qb,,2021,,Comédie,
Les beaux malaises_qb,,2014,,Comédie,
Les aventures du Pharmachien_qb,,2016,,Comédie,
Léo_qb,,2018,,Comédie,
L'Empereur_qb,,2023,,Drame,
L'effet secondaire_qb,,2020,,Drame,
Le temps des framboises_qb,,2022,,Comédie / Drame,
Le retour_qb,,1996,,Drame,
Le pacte_qb,,2022,,Familial / Drame,
Le négociateur_qb,,2005,,Action & Adventure / Crime / Drame,
Le Monstre_qb,,2019,,Drame,
Le monde de Gabrielle Roy_qb,,2021,,Drame,
Le maître du jeu_qb,,2022,,Comédie / Reality,
Le jour J_qb,,2021,,Documentaire,
Le Dernier Chapitre_qb,,2002,,Action & Adventure / Drame,
Le cœur a ses raisons_qb,,2005,,Soap / Drame / Comédie,
Le chalet_qb,,2015,,Drame,
Le businessman et son blues_qb,,2022,,Documentaire,
Le bonheur_qb,,2022,,Comédie,
Le boeuf haché ou le tempeh_qb,,2021,,Comédie,
Le berceau des anges_qb,,2015,,Drame,
Le 422_qb,,2019,,Science-Fiction & Fantastique,
Larry_qb,,2022,,Drame,
Lance et Compte_qb,,1986,,Drame,
Lac-Noir_qb,,2022,,Drame / Crime,
Lâcher prise_qb,,2017,,Drame / Comédie,
L'Académie_qb,,2017,,Drame,
La vie compliquée de Léa Olivier_qb,,2020,,Familial,
La vie après la DPJ_qb,,2021,,Documentaire,
La traque_qb,,2021,,Documentaire / Crime,
La théorie du K.O._qb,,2014,,Comédie,
La ribouldingue (1968) _qb,,1968,,,
La preuve_qb,,2021,,Documentaire / Crime,
La plus belle province_qb,,2022,,Documentaire,
La Petite Vie_qb,,1993,,Comédie,
La nuit où Laurier Gaudreault s'est réveillé_qb,,2022,,Drame,
La mélancolite_qb,,2022,,Comédie,
La Maison-Bleue_qb,,2020,,Comédie,
La maison où j’ai grandi_qb,,2021,,Documentaire,
La maison des folles_qb,,2019,,Comédie / Drame,
La galère_qb,,2007,,,
The Wall_qb,,2019,,Drame,
La dérape_qb,,2018,,Drame,
La confrérie_qb,,2022,,Comédie,
La cabane_qb,,2021,,Talk / Comédie,
L’Imposteur_qb,,2016,,Drame,
L'Échappée_qb,,2016,,Drame,
Karl & Max_qb,,2015,,Comédie / Drame,
"Jowanne, la psy des stars_qb",,2021,,Comédie,
Jérémie_qb,,2015,,Drame,
Jenny_qb,,2017,,Drame / Familial,
Je voudrais qu'on m'efface_qb,,2021,,Drame,
Je ne suis pas un robot_qb,,2021,,Comédie / Drame,
J'ai engagé un tueur_qb,,2019,,Documentaire / Crime,
Indéfendable_qb,,2022,,Crime / Drame,
Hubert et Fanny_qb,,2018,,Drame,
Hôtel_qb,,2022,,Drame,
Histoires de filles_qb,,1998,,Comédie,
Haute démolition_qb,,2023,,Drame,
Géolocaliser l'amour_qb,,2022,,Drame,
Gazebo_qb,,2021,,Comédie,
Fugueuse_qb,,2018,,Drame,
Frontière_qb,,2020,,Documentaire,
Fred l'handicapé_qb,,,,,
Fragments_qb,,2022,,Drame,
Fragile_qb,,2019,,Drame,
Fourchette_qb,,2019,,Drame,
Fortier_qb,,2000,,Drame,
File d'attente_qb,,2018,,Drame,
Fermont_qb,,2022,,Documentary,
"Félix, Maude et la fin du monde_qb",,2021,,Comédie / Drame / Science-Fiction & Fantastique,
Faux départs_qb,,2019,,Comédie / Drame,
Fanfreluche_qb,,1968,,Familial,
Famille magique_qb,,2021,,Comédie / Familial / Science-Fiction & Fantastique,
Faits divers_qb,,2017,,Crime / Drama,
Être famille d'accueil_qb,,2021,,Documentaire,
Escouade 99_qb,,2020,,Comédie,
Entre deux draps_qb,,2021,,Comédie,
Entre chien et loup_qb,,1984,,Drame,
En ligne_qb,,2022,,Reality,
En famille_qb,,2017,,Comédie,
El Toro_qb,,2023,,Drame,
Edgar_qb,,2020,,Crime / Comédie / Mystère,
Eaux turbulentes_qb,,2019,,Drame,
Drôles de Véronic_qb,,2021,,Comédie / Reality,
Doute raisonnable_qb,,2021,,Drama / Crime,
Dors avec moi_qb,,2022,,Drame,
Discussions avec mes parents_qb,,2018,,Comédie,
Destinées_qb,,2007,,Soap / Drama,
Désordres_qb,,2022,,Comédie,
Des dames de cœur_qb,,1986,,Drame,
Demain des hommes_qb,,2018,,Drame,
Défense d’entrer!_qb,,2021,,Familial,
De Pierre en fille_qb,,2022,,Comédie,
De garde 24/7_qb,,2015,,Reality,
Dans une galaxie près de chez vous_qb,,1999,,Comédie / Familial / Science-Fiction & Fantastique,
Dans ton temps_qb,,2021,,,
D.I.S.C.O._qb,,2022,,Documentaire,
Coroner : la voix des victimes_qb,,2020,,Documentaire,
Conseils de famille_qb,,2016,,Familial / Comédie,
Complexe G_qb,,2014,,Comedy,
Complètement lycée_qb,,2021,,Comedy,
Comment tu t'appelles?_qb,,2021,,Reality,
Comme des têtes pas de poule_qb,,2022,,Familial,
Club Soly_qb,,2021,,Reality,
Classé secret_qb,,2022,,Drama,
Clash_qb,,2018,,Drama,
Claire et les vieux_qb,,2020,,Drame,
Chouchou_qb,,2022,,Drame,
Cheval-Serpent_qb,,2017,,Drame,
Chambres en ville_qb,,1989,,Soap / Drame,
C’est humain_qb,,2022,,Familial,
C’est comme ça que je t’aime_qb,,2020,,Crime / Drame / Comédie,
C'est arrivé près de chez vous_qb,,2021,,Documentaire,
Ces gars-là_qb,,2014,,Comédie / Drame,
Cerebrum_qb,,2019,,Drame / Mystère,
Cauchemar sur l'autoroute_qb,,2012,,Reality / Documentaire,
Feux_qb,,2016,,Drame,
Caméra café_qb,,2002,,Comédie,
Bras de fer_qb,,2017,,Documentaire,
Boomerang_qb,,2015,,Comedy,
Bon matin Chuck (ou l'art de réduire les méfaits)_qb,,2023,,Comédie / Drame,
"Bob Gratton : Ma Vie, My Life_qb",,2007,,Comédie,
Blue Moon_qb,,2016,,Drame,
Blanche_qb,,1993,,Drama,
Bienvenue aux dames_qb,,2009,,Comédie / Drame,
Bienvenue à la shop!_qb,,2021,,Documentaire / Reality,
Bête noire_qb,,2021,,Drame,
Bébéatrice_qb,,2018,,Animation / Comédie,
Aveux_qb,,2009,,Drame,
Avec moi_qb,,2019,,Drama / Comedy,
Avant le crash_qb,,2022,,Drame,
Audrey est revenue_qb,,2021,,Comédie,
Au secours de Béatrice_qb,,2014,,Soap / Drame,
Au pays des têtes à claques_qb,,2012,,Animation / Comédie,
Asbestos_qb,,2002,,Drame,
Après_qb,,2021,,Drama,
Appelle-moi si tu meurs_qb,,2019,,Drame / Comédie,
Annie et ses hommes_qb,,2002,,Drame / Soap / Comédie,
Anna et Arnaud_qb,,2022,,Comedy,
Aller simple_qb,,2022,,Drame,
Alertes_qb,,2021,,Drame / Crime,
Alerte Amber_qb,,2019,,Drame,
À propos d'Antoine_qb,,2022,,Drame / Familial,
À la valdrague_qb,,2018,,Comédie,
À cœur battant_qb,,2023,,Drame,
39-45 en sol canadien_qb,,2021,,Documentaire / War & Politics,
20h30 chez Mathieu_qb,,2023,,Drame,
19-2_qb,,2014,,Crime / Drame,
5e Rang_qb,,2019,,Drama,
5 gars pour moi_qb,,2022,,Reality,
4 et demi..._qb,,1994,,Comédie / Drame,
2 Frères_qb,,1999,,Soap / Drame,
Ever After High (CA),,2013,,"Kids, Animation, Drama, Action & Adventure",
Northern Rescue (CA),,2019,,Drama,
Apparences (2026),,2026,,Crime / Drame,
Patrice Lemieux 24/7 (2015),,2015,,Comédie,
Une grenade avec ça? (2002),,2002,,Comédie / Drame,
Les invisibles,,2019,,Comedy,
District 31_fr,,2016,,Crime / Drama,
Les Liaisons Dangereuses,,2022,,Drame,
Portrait-robot,,2021,,Drame / Crime,
"Pour toujours, plus un jour",,2020,,Drame / Comédie,
Taxi 0-22-fr,,2007,,Comedy,
Madame Lebrun-fr,,2015,,Comedy,
Les Invincibles-fr,,2005,,Comedy / Drama,
Les Beaux Malaises-fr,,2014,,Comedy,
La théorie du K.O.-fr,,2014,,Comedy,
La Petite Vie-fr,,1993,,Comedy,
La Maison-Bleue-fr,,2020,,Comedy,
Contre-offre-fr,,2021,,Comedy,
Boomerang-fr,,2019,,Comedy,
Mensonges-fr,,2021,,Mystery / Drama,
Les Invisibles-fr,,2019,,Comédie,
À cœur battant-fr,,2023,,Drame,
Les Liaisons dangereuses-fr,,2022,,Drame,
"450, chemin du Golf",,2003,,Comédie,
Bête noire (2021) FR,,2021,,Drame,
Le Négociateur (2024) FR,,2024,,Action & Adventure / Crime,
Pour Sarah (2019) FR,,2019,,Drama,
Fugueuse (2021) FR,,2021,,Drame / Crime,
Le Chalet FR,,2018,,Crime / Mystery / Drama,
Mensonges (2014) FR,,2014,,Crime / Drama,
